﻿Designator,Quantity,Value,Footprint,Package,MPN,DNP,Mount_Type,Description,LCSC Part#
"C1, C10, C2, C3, C4, C6",6,100nF,C_0402_1005Metric,,,,smt,"Unpolarized capacitor, small symbol",
"C11, C12",2,20pF,C_0402_1005Metric,,,,smt,"Unpolarized capacitor, small symbol",
"C13, C14",2,10pF,C_0402_1005Metric,,,,smt,"Unpolarized capacitor, small symbol",
C5,1,10nF,C_0402_1005Metric,,,,smt,"Unpolarized capacitor, small symbol",
"C7, C9",2,10uF,C_0402_1005Metric,,,,smt,10V 10uF X5R ±20% 0402 Multilayer Ceramic Capacitors MLCC - SMD/SMT ROHS,
"D1, D4",2,SD0603S040S0R2,D_0603_1608Metric,,,,smt,40V 450mV@200mA 200mA 0603 Schottky Diodes ROHS,
D2,1,MBR0520,D_SOD-123,,,,smt,"20V 0.5A Schottky Power Rectifier Diode, SOD-123",
D3,1,HSMA-C170,LED_0805_2012Metric,,,,smt,Light emitting diode,
FB1,1,SZ2012G102TF,L_0805_2012Metric,,,,smt,"Ferrite bead, small symbol",C1002
"R1, R2",2,200,R_0402_1005Metric,,,,smt,"Resistor, small symbol",
"R3, R5",2,10k,R_0402_1005Metric,,,,smt,"Resistor, small symbol",
R4,1,1k,R_0402_1005Metric,,,,smt,"Resistor, small symbol",
"R6, R7",2,5k1,R_0402_1005Metric,,,,smt,"Resistor, small symbol",
R8,1,1M,R_0402_1005Metric,,,,smt,"Resistor, small symbol",
U3,1,USBLC6-2SC6,SOT-23-6,,,,smt,"Very low capacitance ESD protection diode, 2 data-line, SOT-23-6",
U4,1,LD3985M33R_SOT23,SOT-23-5,,,,smt,"150mA Low Dropout Voltage Regulator, Fixed Output 3.3V, SOT-23-5",
Y1,1,X32258MSB4SI,Crystal_SMD_3225-4Pin_3.2x2.5mm,,,,smt,"Four pin crystal, GND on pins 2 and 4",
Y2,1,X1A0000610006,Crystal_SMD_2012-2Pin_2.0x1.2mm,,,,smt,Two pin crystal,
