﻿pos_x,pos_y,rotation,side,designator,mpn,pack,footprint,value,mount_type
87.65,-81.3,90.0,top,BT1,,,Switch_Hole_1.0mm,BOOT,tht
88.15,-79.0,-90.0,top,C1,,,C_0402_1005Metric,100nF,smt
98.12,-76.8,0.0,top,C10,,,C_0402_1005Metric,100nF,smt
90.95,-80.98,90.0,top,C11,,,C_0402_1005Metric,20pF,smt
94.4,-78.85,0.0,top,C12,,,C_0402_1005Metric,20pF,smt
89.064645,-80.984644,90.0,top,C13,,,C_0402_1005Metric,10pF,smt
90.014645,-80.984645,90.0,top,C14,,,C_0402_1005Metric,10pF,smt
97.25,-68.95,-90.0,top,C2,,,C_0402_1005Metric,100nF,smt
88.317785,-76.75,180.0,top,C3,,,C_0402_1005Metric,100nF,smt
88.75,-68.68,90.0,top,C4,,,C_0402_1005Metric,100nF,smt
89.72,-67.3,0.0,top,C5,,,C_0402_1005Metric,10nF,smt
89.5,-62.2,0.0,top,C6,,,C_0402_1005Metric,100nF,smt
89.5,-61.25,0.0,top,C7,,,C_0402_1005Metric,10uF,smt
98.12,-77.75,180.0,top,C9,,,C_0402_1005Metric,10uF,smt
97.0,-64.15,0.0,top,D1,,,D_0603_1608Metric,SD0603S040S0R2,smt
87.4,-62.65,90.0,top,D2,,,D_SOD-123,MBR0520,smt
97.525,-61.7,90.0,top,D3,,,LED_0805_2012Metric,HSMA-C170,smt
87.55,-68.4,90.0,top,D4,,,D_0603_1608Metric,SD0603S040S0R2,smt
97.4625,-79.1,180.0,top,FB1,,,L_0805_2012Metric,SZ2012G102TF,smt
87.63,-66.04,180.0,bottom,J2,,,PinHeader_1x01_P2.54mm_Vertical,Conn_01x01_Pin,tht
85.09,-55.88,180.0,bottom,J3,,,PinHeader_1x11_P2.54mm_Vertical,Conn_01x11_Pin,tht
100.329999,-83.82,90.0,bottom,J4,,,PinHeader_1x07_P2.54mm_Vertical,Conn_01x07_Pin,tht
100.33,-55.88,180.0,bottom,J5,,,PinHeader_1x11_P2.54mm_Vertical,Conn_01x11_Pin,tht
97.79,-66.04,180.0,bottom,J6,,,PinHeader_1x01_P2.54mm_Vertical,Conn_01x01_Pin,tht
87.6,-58.45,0.0,bottom,J7,,,PinHeader_1x02_P1.27mm_Vertical,Conn_01x01_Pin,tht
92.7,-57.5,180.0,top,J8,,,TypeC_PCB_cutout,USB_C_Receptacle_USB2.0_14P,tht
93.9,-61.75,-90.0,top,R1,,,R_0402_1005Metric,200,smt
92.95,-61.75,-90.0,top,R2,,,R_0402_1005Metric,200,smt
87.2,-79.0,90.0,top,R3,,,R_0402_1005Metric,10k,smt
96.1,-61.75,-90.0,top,R4,,,R_0402_1005Metric,1k,smt
96.25,-80.9,90.0,top,R5,,,R_0402_1005Metric,10k,smt
91.7,-61.75,90.0,top,R6,,,R_0402_1005Metric,5k1,smt
95.15,-61.75,90.0,top,R7,,,R_0402_1005Metric,5k1,smt
92.3,-78.85,180.0,top,R8,,,R_0402_1005Metric,1M,smt
97.79,-81.288001,-90.0,top,RS1,,,Switch_Hole_1.0mm,RESET,tht
92.9875,-73.090124,90.0,top,U1,,,LQFP-48_7x7mm_P0.5mm,STM32F103CBTx,smt
93.799999,-64.7625,-90.0,top,U3,,,SOT-23-6,USBLC6-2SC6,smt
90.399999,-64.7625,-90.0,top,U4,,,SOT-23-5,LD3985M33R_SOT23,smt
93.6,-81.05,180.0,top,Y1,,,Crystal_SMD_3225-4Pin_3.2x2.5mm,X32258MSB4SI,smt
90.05,-79.15,180.0,top,Y2,,,Crystal_SMD_2012-2Pin_2.0x1.2mm,X1A0000610006,smt
